State Postal Code,State FIPS Code,District ID,Name,Estimated Total Population,Estimated Population 5-17,Estimated number of relevant children 5 to 17 years old in poverty who are related to the householder
CA,6,1620,ABC Unified School District,"109,825","17,646","2,410"
CA,6,1650,Acalanes Union High School District,"118,221","6,027",160
CA,6,1680,Ackerman Elementary School District,"2,855",272,26
CA,6,1,Acton-Agua Dulce Unified School District,"13,044","1,929",159
CA,6,1710,Adelanto Elementary School District,"60,160","7,082","2,248"
CA,6,1770,Alameda City Unified School District,"81,286","11,313",892
CA,6,1860,Albany City Unified School District,"20,426","3,276",165
CA,6,1890,Alexander Valley Union School District,915,52,2
CA,6,153,Alhambra Unified School District,"175,264","17,101","3,348"
CA,6,1950,Alisal Union Elementary School District,"60,430","8,149","1,726"
CA,6,1980,Allensworth Elementary School District,500,97,35
CA,6,2010,Alpaugh Unified School District,"1,411",374,136
CA,6,2070,Alpine County Unified School District,"1,120",159,45
CA,6,2100,Alpine Union Elementary School District,"19,700","2,170",162
CA,6,2160,Alta Loma Elementary School District,"57,654","6,123",633
CA,6,2220,Alta Vista Elementary School District,"3,207",528,249
CA,6,2250,Alta-Dutch Flat Union Elementary School District,"1,979",147,48
CA,6,2310,Alum Rock Union Elementary School District,"119,834","15,558","2,537"
CA,6,2360,Alview-Dairyland Union Elementary School District,"1,859",269,71
CA,6,2370,Alvina Elementary School District,688,110,32
CA,6,2430,Alvord Unified School District,"116,132","22,864","3,632"
CA,6,2450,Amador County Unified School District,"38,626","4,271",635
CA,6,2610,Anaheim Elementary School District,"208,150","20,438","4,940"
CA,6,2630,Anaheim Union High School District,"410,401","35,296","7,153"
CA,6,2700,Anderson Union High School District,"38,951","2,249",435
CA,6,2730,Anderson Valley Unified School District,"2,975",529,126
CA,6,2760,Antelope Elementary School District,"5,746",559,158
CA,6,2820,Antelope Valley Union Joint High School District,"386,613","27,346","5,272"
CA,6,2850,Antioch Unified School District,"116,946","22,704","3,525"
CA,6,17,Apple Valley Unified School District,"82,358","15,406","3,602"
CA,6,2970,Arcadia Unified School District,"59,799","9,249",955
CA,6,3000,Arcata Elementary School District,"14,778",814,301
CA,6,3060,Arcohe Union Elementary School District,"4,980",550,52
CA,6,3090,Arena Union Elementary School District,"3,260",288,66
CA,6,3180,Armona Union Elementary School District,"6,546","1,123",242
CA,6,91136,Aromas-San Juan Unified School District,"9,531","1,503",178
CA,6,3270,Arvin Union School District,"21,024","3,809","1,273"
CA,6,3300,Atascadero Unified School District,"37,637","5,447",405
CA,6,3420,Atwater Elementary School District,"36,162","5,084","1,591"
CA,6,3480,Auburn Union Elementary School District,"36,523","3,237",390
CA,6,3600,Azusa Unified School District,"69,181","12,054","2,264"
CA,6,3610,Baker Valley Unified School District,"1,031",220,51
CA,6,3630,Bakersfield City School District,"197,765","30,146","11,844"
CA,6,3690,Baldwin Park Unified School District,"77,304","15,097","3,227"
CA,6,3720,Ballard Elementary School District,"1,513",150,7
CA,6,3750,Ballico-Cressey Elementary School District,"2,218",318,123
CA,6,3780,Bangor Union Elementary School District,"1,304",141,35
CA,6,3840,Banning Unified School District,"37,047","5,779","1,500"
CA,6,3870,Banta Elementary School District,"5,663",233,40
CA,6,4020,Barstow Unified School District,"35,605","6,633","2,448"
CA,6,4080,Bass Lake Joint Union Elementary School District,"12,546","1,079",269
CA,6,4110,Bassett Unified School District,"28,047","5,232","1,001"
CA,6,4200,Bayshore Elementary School District,"6,163",706,63
CA,6,4230,Bear Valley Unified School District,"19,638","2,866",486
CA,6,4260,Beardsley Elementary School District,"18,160","1,984",737
CA,6,4290,Beaumont Unified School District,"52,838","9,036",951
CA,6,4350,Bella Vista Elementary School District,"3,840",357,67
CA,6,4500,Belleview Elementary School District,"1,725",132,21
CA,6,4380,Bellevue Union School District,"25,564","2,607",391
CA,6,4440,Bellflower Unified School District,"84,178","14,946","2,462"
CA,6,4530,Belmont-Redwood Shores Elementary School District,"43,812","4,399",136
CA,6,4560,Belridge Elementary School District,127,24,3
CA,6,4620,Benicia Unified School District,"29,244","4,889",242
CA,6,4650,Bennett Valley Union Elementary School District,"9,917",713,48
CA,6,4740,Berkeley Unified School District,"123,816","9,892",724
CA,6,4800,Berryessa Union Elementary School District,"86,424","9,355",786
CA,6,4830,Beverly Hills Unified School District,"35,174","4,878",563
CA,6,4860,Big Creek Elementary School District,472,69,12
CA,6,4890,Big Lagoon Union Elementary School District,462,33,4
CA,6,91137,Big Oak Flat-Groveland Unified School District,"5,230",575,85
CA,6,4950,Big Pine Unified School District,"1,808",230,39
CA,6,4980,Big Springs Union Elementary School District,"1,762",178,40
CA,6,31,Big Sur Unified School District,467,26,3
CA,6,5010,Big Valley Joint Unified School District,"1,626",236,32
CA,6,5040,Biggs Unified School District,"3,634",705,214
CA,6,1409,Bishop Unified School District,"12,624","1,866",291
CA,6,5190,Bitterwater-Tully Union Elementary School District,134,10,2
CA,6,5220,Black Butte Union Elementary School District,"4,433",295,58
CA,6,5240,Black Oak Mine Unified School District,"14,168","1,897",214
CA,6,5250,Blake Elementary School District,180,11,0
CA,6,5280,Blochman Union Elementary School District,774,78,12
CA,6,5400,Blue Lake Union Elementary School District,"2,513",230,36
CA,6,5490,Bogus Elementary School District,360,20,6
CA,6,5520,Bolinas-Stinson Union Elementary School District,"2,417",165,33
CA,6,5610,Bonita Unified School District,"63,450","9,504",834
CA,6,5640,Bonny Doon Union Elementary School District,"3,084",184,17
CA,6,1426,Bonsall Unified School District,"18,458","2,837",351
CA,6,5700,Borrego Springs Unified School District,"4,172",507,90
CA,6,5730,Bradley Union Elementary School District,465,40,6
CA,6,5790,Brawley Elementary School District,"26,885","3,942","1,124"
CA,6,5820,Brawley Union High School District,"29,958","2,054",426
CA,6,5880,Brea-Olinda Unified School District,"36,985","5,882",498
CA,6,5910,Brentwood Union Elementary School District,"59,685","9,033",741
CA,6,5940,Bret Harte Union High School District,"19,646",783,139
CA,6,6000,Bridgeville Elementary School District,560,47,9
CA,6,6030,Briggs Elementary School District,"2,810",345,58
CA,6,6060,Brisbane Elementary School District,"8,954",744,34
CA,6,6090,Brittan Elementary School District,"3,638",439,45
CA,6,6100,Browns Elementary School District,976,112,11
CA,6,6270,Buckeye Union Elementary School District,"37,867","4,811",281
CA,6,6330,Buellton Union Elementary School District,"5,949",698,48
CA,6,6360,Buena Park Elementary School District,"50,709","5,883","1,397"
CA,6,6420,Buena Vista Elementary School District,453,72,19
CA,6,6450,Burbank Unified School District,"106,984","14,057","1,490"
CA,6,6480,Burlingame Elementary School District,"32,107","3,357",171
CA,6,6510,Burnt Ranch Elementary School District,741,48,14
CA,6,6540,Burrel Union Elementary School District,555,95,34
CA,6,6570,Burton Elementary School District,"17,844","2,969",681
CA,6,6580,Butte Valley Unified School District,"1,989",350,92
CA,6,6690,Butteville Union Elementary School District,"1,704",179,22
CA,6,6720,Buttonwillow Union Elementary School District,"2,270",406,149
CA,6,6750,Byron Union Elementary School District,"16,360","2,139",240
CA,6,6780,Cabrillo Unified School District,"27,306","4,291",198
CA,6,6810,Cajon Valley Union Elementary School District,"173,535","18,940","4,736"
CA,6,6870,Calaveras Unified School District,"26,024","3,565",773
CA,6,6900,Calexico Unified School District,"40,905","8,947","3,085"
CA,6,6960,Caliente Union Elementary School District,973,93,23
CA,6,6990,Calipatria Unified School District,"10,880","1,242",429
CA,6,7020,Calistoga Joint Unified School District,"7,313","1,002",73
CA,6,7140,Cambrian Elementary School District,"32,850","3,480",163
CA,6,7170,Camino Union Elementary School District,"4,491",425,39
CA,6,7200,Campbell Union Elementary School District,"102,791","9,810",827
CA,6,7230,Campbell Union High School District,"239,748","10,479",635
CA,6,7260,Camptonville Elementary School District,788,62,15
CA,6,7350,Canyon Elementary School District,255,20,0
CA,6,7410,Capay Joint Union Elementary School District,"1,050",113,26
CA,6,7440,Capistrano Unified School District,"362,235","61,023","4,704"
CA,6,7470,Cardiff Elementary School District,"12,012",794,73
CA,6,7500,Carlsbad Unified School District,"76,420","11,955",850
CA,6,7530,Carmel Unified School District,"24,246","3,003",177
CA,6,7560,Carpinteria Unified School District,"18,961","2,733",380
CA,6,67,Caruthers Unified School District,"9,490","1,439",433
CA,6,7680,Cascade Union Elementary School District,"15,318","1,758",564
CA,6,7740,Castaic Union School District,"31,484","2,529",225
CA,6,7770,Castle Rock Union Elementary School District,363,35,3
CA,6,7800,Castro Valley Unified School District,"54,327","9,374",478
CA,6,7840,Cayucos Elementary School District,"3,021",205,32
CA,6,7900,Center Joint Unified School District,"29,649","6,132",932
CA,6,7920,Centinela Valley Union High School District,"156,241","8,992","1,870"
CA,6,7950,Central Elementary School District,"41,724","4,876",778
CA,6,7970,Central Unified School District,"74,455","16,509","3,614"
CA,6,7980,Central Union Elementary School District,"10,699","1,648",328
CA,6,8010,Central Union High School District,"60,573","4,095",939
CA,6,8070,Centralia Elementary School District,"58,192","4,708",828
CA,6,8130,Ceres Unified School District,"57,385","12,336","2,262"
CA,6,8160,Chaffey Joint Union High School District,"419,942","26,702","3,471"
CA,6,8190,Charter Oak Unified School District,"37,895","6,089",878
CA,6,8250,Chatom Union Elementary School District,"4,749",687,122
CA,6,116,Chawanakee Unified School District,"4,876",699,109
CA,6,8340,Chicago Park Elementary School District,"1,217",81,8
CA,6,8370,Chico Unified School District,"111,707","15,077","2,558"
CA,6,8460,Chino Valley Unified School District,"183,203","33,310","3,826"
CA,6,8520,Chowchilla Elementary School District,"22,780","2,402",707
CA,6,8550,Chowchilla Union High School District,"24,639","1,117",308
CA,6,8580,Chualar Union Elementary School District,"2,228",397,68
CA,6,8610,Chula Vista Elementary School District,"301,936","28,904","4,139"
CA,6,8640,Cienega Union Elementary School District,182,11,2
CA,6,8700,Cinnabar Elementary School District,"2,699",251,24
CA,6,8760,Claremont Unified School District,"42,668","5,863",746
CA,6,8850,Clay Joint Elementary School District,530,62,10
CA,6,8880,Clear Creek Elementary School District,"1,735",144,21
CA,6,8970,Cloverdale Unified School District,"11,131","1,639",158
CA,6,9030,Clovis Unified School District,"203,253","39,584","4,859"
CA,6,9070,Coachella Valley Unified School District,"94,381","21,508","6,237"
CA,6,9120,Coalinga-Huron Unified School District,"27,930","4,822","1,354"
CA,6,49,Coast Unified School District,"10,322",865,135
CA,6,9240,Coffee Creek Elementary School District,220,11,3
CA,6,9270,Cold Spring Elementary School District,"3,117",170,13
CA,6,9300,Colfax Elementary School District,"5,865",563,108
CA,6,9330,College Elementary School District,"6,158",503,42
CA,6,9390,Colton Joint Unified School District,"119,728","24,381","5,207"
CA,6,9450,Columbia Elementary School District,"9,908","1,057",126
CA,6,9480,Columbia Union Elementary School District,"6,069",581,88
CA,6,9510,Columbine Elementary School District,275,44,12
CA,6,9570,Colusa Unified School District,"7,853","1,499",183
CA,6,9620,Compton Unified School District,"160,212","33,188","8,869"
CA,6,9640,Conejo Valley Unified School District,"139,972","23,538","1,528"
CA,6,9690,Corcoran Joint Unified School District,"25,709","3,380","1,192"
CA,6,9780,Corning Union Elementary School District,"14,753","1,922",749
CA,6,9810,Corning Union High School District,"17,298","1,113",289
CA,6,9850,Corona-Norco Unified School District,"283,522","55,975","5,567"
CA,6,9870,Coronado Unified School District,"26,635","2,936",166
CA,6,9940,Cotati-Rohnert Park Unified School District,"54,453","7,373",650
CA,6,9990,Cottonwood Union Elementary School District,"8,764","1,030",215
CA,6,10050,Covina-Valley Unified School District,"80,029","13,585","1,883"
CA,6,16300,Cucamonga Elementary School District,"28,817","3,248",644
CA,6,10230,Cuddeback Union Elementary School District,898,94,17
CA,6,10260,Culver City Unified School District,"40,461","4,810",410
CA,6,10290,Cupertino Union Elementary School District,"150,770","20,845",619
CA,6,10320,Curtis Creek Elementary School District,"8,974",747,105
CA,6,10350,Cutler-Orosi Joint Unified School District,"19,523","4,562","1,901"
CA,6,10380,Cutten Elementary School District,"5,311",439,143
CA,6,9,Cuyama Joint Unified School District,"1,337",279,48
CA,6,10440,Cypress Elementary School District,"47,025","3,646",373
CA,6,10620,Davis Joint Unified School District,"81,161","9,131",725
CA,6,10680,Death Valley Unified School District,744,45,15
CA,6,10710,Dehesa Elementary School District,"2,374",206,21
CA,6,10740,Del Mar Union Elementary School District,"44,619","4,787",198
CA,6,10770,Del Norte County Unified School District,"27,470","4,320","1,355"
CA,6,10860,Delano Joint Union High School District,"74,502","4,984","1,435"
CA,6,10890,Delano Union Elementary School District,"58,438","8,175","2,753"
CA,6,39,Delhi Unified School District,"13,696","3,297",892
CA,6,10980,Delphic Elementary School District,130,7,1
CA,6,11040,Denair Unified School District,"8,455","1,706",249
CA,6,11100,Desert Center Unified School District,268,31,6
CA,6,11110,Desert Sands Unified School District,"196,219","29,807","4,804"
CA,6,11130,Di Giorgio Elementary School District,976,155,76
CA,6,65,Dinuba Unified School District,"30,404","6,629","2,013"
CA,6,11220,Dixie Elementary School District,"21,997","2,310",116
CA,6,11280,Dixon Unified School District,"23,001","4,403",683
CA,6,33,Dos Palos-Oro Loma Joint Unified School District,"11,135","2,525",723
CA,6,11430,Douglas City Elementary School District,826,71,27
CA,6,11460,Downey Unified School District,"125,426","21,895","3,533"
CA,6,11490,Dry Creek Joint Elementary School District,"58,003","8,216",748
CA,6,11520,Duarte Unified School District,"28,699","4,290",716
CA,6,19,Dublin Unified School District,"50,289","6,943",252
CA,6,11550,Ducor Union Elementary School District,"1,336",196,84
CA,6,11610,Dunham Elementary School District,834,66,9
CA,6,11670,Dunsmuir Elementary School District,"2,091",186,62
CA,6,11700,Dunsmuir Joint Union High School District,"2,454",106,24
CA,6,11730,Durham Unified School District,"5,375",960,87
CA,6,11760,Earlimart Elementary School District,"11,139","2,145",960
CA,6,11780,East Nicolaus Joint Union High School District,"2,752",164,11
CA,6,11820,East Side Union High School District,"569,455","30,595","3,075"
CA,6,11850,East Whittier City Elementary School District,"75,579","8,665",956
CA,6,11870,Eastern Sierra Unified School District,"4,247",577,109
CA,6,11910,Eastside Union Elementary School District,"25,073","3,509","1,078"
CA,6,11940,Edison Elementary School District,"6,279","1,079",313
CA,6,12030,El Centro Elementary School District,"40,431","5,347","1,554"
CA,6,12070,El Dorado Union High School District,"142,706","7,718",578
CA,6,12090,El Monte City School District,"85,245","9,513","2,566"
CA,6,12120,El Monte Union High School District,"178,636","10,146","2,248"
CA,6,12150,El Nido Elementary School District,"1,793",183,54
CA,6,12180,El Rancho Unified School District,"62,304","10,853","1,781"
CA,6,12210,El Segundo Unified School District,"17,178","2,623",299
CA,6,26,El Tejon Unified School District,"8,952","1,512",351
CA,6,12330,Elk Grove Unified School District,"337,557","69,711","9,044"
CA,6,12360,Elk Hills Elementary School District,295,40,9
CA,6,12420,Elkins Elementary School District,273,12,2
CA,6,12600,Elverta Joint Elementary School District,"3,132",323,36
CA,6,12630,Emery Unified School District,"11,130",623,84
CA,6,12690,Empire Union Elementary School District,"27,056","3,408",771
CA,6,12750,Encinitas Union Elementary School District,"75,426","6,271",371
CA,6,12810,Enterprise Elementary School District,"32,626","3,773",956
CA,6,12840,Escalon Unified School District,"15,739","3,033",667
CA,6,12880,Escondido Union Elementary School District,"174,095","20,647","3,685"
CA,6,12910,Escondido Union High School District,"177,581","10,108","1,505"
CA,6,12930,Esparto Unified School District,"6,472","1,225",134
CA,6,12960,Etiwanda Elementary School District,"92,259","12,445","1,161"
CA,6,52,Eureka City Unified School District,"50,612","5,765","1,346"
CA,6,13080,Eureka Union Elementary School District,"29,743","3,783",162
CA,6,13140,Evergreen Elementary School District,"108,384","14,499","1,232"
CA,6,13170,Evergreen Union Elementary School District,"9,440","1,096",177
CA,6,1423,Exeter Unified School District,"17,104","3,260",848
CA,6,13290,Fairfax Elementary School District,"14,918","2,587",830
CA,6,13360,Fairfield-Suisun Unified School District,"139,439","24,197","2,975"
CA,6,13470,Fall River Joint Unified School District,"8,100","1,166",259
CA,6,13500,Fallbrook Union Elementary School District,"65,158","5,885","1,034"
CA,6,13530,Fallbrook Union High School District,"67,486","2,777",359
CA,6,35,Farmersville Unified School District,"11,762","2,980",966
CA,6,13710,Feather Falls Union Elementary School District,414,33,8
CA,6,37,Ferndale Unified School District,"2,894",434,57
CA,6,13740,Fieldbrook Elementary School District,874,99,20
CA,6,13800,Fillmore Unified School District,"20,232","4,007",744
CA,6,13840,Firebaugh-Las Deltas Unified School District,"9,086","2,261",580
CA,6,13860,Flournoy Union Elementary School District,270,26,7
CA,6,13890,Folsom-Cordova Unified School District,"131,770","22,645","2,141"
CA,6,13920,Fontana Unified School District,"187,130","41,362","8,595"
CA,6,13980,Foresthill Union Elementary School District,"6,709",576,49
CA,6,14010,Forestville Union Elementary School District,"6,834",452,35
CA,6,14040,Forks of Salmon Elementary School District,206,17,6
CA,6,14070,Fort Bragg Unified School District,"14,928","2,073",465
CA,6,14130,Fort Ross Elementary School District,645,39,11
CA,6,11,Fort Sage Unified School District,"2,969",281,21
CA,6,1420,Fortuna Elementary School District,"13,711","1,582",323
CA,6,14190,Fortuna Union High School District,"23,003","1,201",203
CA,6,14220,Fountain Valley Elementary School District,"57,140","5,583",567
CA,6,14250,Fowler Unified School District,"10,509","2,149",501
CA,6,14340,Franklin Elementary School District,"2,686",277,39
CA,6,14370,Franklin-McKinley Elementary School District,"97,698","12,015","2,012"
CA,6,14400,Fremont Unified School District,"235,749","38,607","1,981"
CA,6,14430,Fremont Union High School District,"243,263","12,065",423
CA,6,14490,French Gulch-Whiskeytown Elementary School District,446,35,6
CA,6,14520,Freshwater Elementary School District,"2,519",161,30
CA,6,14550,Fresno Unified School District,"405,796","81,353","27,182"
CA,6,14700,Fruitvale Elementary School District,"22,006","3,023",497
CA,6,14730,Fullerton Elementary School District,"124,983","13,227","2,609"
CA,6,14760,Fullerton Joint Union High School District,"264,447","14,607","2,365"
CA,6,14790,Galt Joint Union Elementary School District,"30,963","4,497",835
CA,6,14820,Galt Joint Union High School District,"40,727","2,752",350
CA,6,14880,Garden Grove Unified School District,"290,408","48,762","11,297"
CA,6,14910,Garfield Elementary School District,331,21,2
CA,6,14940,Garvey Elementary School District,"54,980","5,326","1,612"
CA,6,14950,Gateway Unified School District,"29,936","4,489",901
CA,6,14970,Gazelle Union Elementary School District,292,33,8
CA,6,15000,General Shafter Elementary School District,"1,142",149,26
CA,6,15090,Gerber Union Elementary School District,"3,481",413,131
CA,6,15150,Geyserville Unified School District,"1,817",259,18
CA,6,15180,Gilroy Unified School District,"63,161","12,873","1,511"
CA,6,15240,Glendale Unified School District,"221,360","28,188","4,537"
CA,6,15270,Glendora Unified School District,"38,898","6,456",580
CA,6,15390,Gold Oak Union Elementary School District,"8,689",727,60
CA,6,15450,Gold Trail Union Elementary School District,"6,051",500,33
CA,6,15480,Golden Feather Union Elementary School District,"2,787",209,61
CA,6,91134,Golden Plains Unified School District,"7,722","2,034",587
CA,6,68,Golden Valley Unified School District,"10,817","2,026",206
CA,6,15510,Goleta Union Elementary School District,"80,388","4,403",404
CA,6,46,Gonzales Unified School District,"11,864","2,463",440
CA,6,15600,Gorman Elementary School District,154,15,0
CA,6,15690,Grant Elementary School District,"2,835",370,43
CA,6,15780,Grass Valley Elementary School District,"25,368","2,096",504
CA,6,15810,Gratton Elementary School District,579,71,11
CA,6,15840,Gravenstein Union Elementary School District,"5,710",450,38
CA,6,15870,Graves Elementary School District,76,11,1
CA,6,15990,Green Point Elementary School District,234,21,6
CA,6,16080,Greenfield Union Elementary School District,"18,436","3,059",647
CA,6,16050,Greenfield Union School District,"52,366","8,806","2,688"
CA,6,16110,Grenada Elementary School District,"1,035",94,18
CA,6,51,Gridley Unified School District,"11,750","2,107",447
CA,6,16230,Grossmont Union High School District,"488,461","26,549","3,561"
CA,6,16260,Guadalupe Union Elementary School District,"7,563","1,232",221
CA,6,16320,Guerneville Elementary School District,"5,298",332,81
CA,6,16323,Gustine Unified School District,"9,281","1,940",643
CA,6,16325,Hacienda La Puente Unified School District,"120,681","20,638","3,461"
CA,6,1339,Hamilton Unified School District,"3,458",618,119
CA,6,16470,Hanford Elementary School District,"43,649","6,602","1,764"
CA,6,16500,Hanford Joint Union High School District,"68,472","4,682",863
CA,6,16530,Happy Camp Union Elementary School District,"1,312",104,30
CA,6,16560,Happy Valley Elementary School District,"1,480",106,10
CA,6,16570,Happy Valley Union Elementary School District,"6,093",631,144
CA,6,16620,Harmony Union School District,"4,490",273,22
CA,6,16650,Hart-Ransom Union Elementary School District,"4,505",581,81
CA,6,16680,Hawthorne Elementary School District,"76,248","9,173","2,328"
CA,6,16740,Hayward Unified School District,"182,723","28,512","3,353"
CA,6,44,Healdsburg Unified School District,"17,405","2,444",185
CA,6,16830,Heber Elementary School District,"7,656","1,267",230
CA,6,16860,Helendale Elementary School District,"6,766",526,111
CA,6,16920,Hemet Unified School District,"147,561","25,111","4,859"
CA,6,17040,Hermosa Beach City Elementary School District,"20,187","1,920",131
CA,6,14,Hesperia Unified School District,"105,414","22,655","5,722"
CA,6,17160,Hickman Community Charter School District,"1,330",200,30
CA,6,17190,Hillsborough City Elementary School District,"11,598","1,694",53
CA,6,17220,Hilmar Unified School District,"10,551","2,032",348
CA,6,17340,Hollister School District,"46,622","6,409",729
CA,6,17430,Holtville Unified School District,"8,863","1,854",430
CA,6,17490,Hope Elementary School District,"16,376","1,263",141
CA,6,17520,Hope Elementary School District,725,81,23
CA,6,17580,Horicon Elementary School District,"1,712",69,4
CA,6,17620,Hornbrook Elementary School District,695,65,15
CA,6,17640,Hot Springs Elementary School District,332,23,5
CA,6,17760,Howell Mountain Elementary School District,"3,791",382,18
CA,6,17850,Hueneme Elementary School District,"58,259","7,178","1,373"
CA,6,17880,Hughes-Elizabeth Lakes Union Elementary School District,"3,898",323,37
CA,6,60,Hughson Unified School District,"12,846","2,315",355
CA,6,18030,Huntington Beach City Elementary School District,"87,839","7,291",559
CA,6,18060,Huntington Beach Union High School District,"331,367","16,508","2,016"
CA,6,18120,Hydesville Elementary School District,"1,386",151,25
CA,6,18160,"Igo, Ono, Platina Union Elementary School District","1,025",75,15
CA,6,18210,Imperial Unified School District,"22,298","3,944",440
CA,6,18240,Indian Diggings Elementary School District,167,10,3
CA,6,18270,Indian Springs Elementary School District,220,18,3
CA,6,18390,Inglewood Unified School District,"115,933","19,407","4,321"
CA,6,84500,Irvine Unified School District,"197,643","28,266","2,673"
CA,6,18510,Island Union Elementary School District,"1,455",184,41
CA,6,18660,Jacoby Creek Elementary School District,"2,678",231,27
CA,6,18690,Jamestown Elementary School District,"8,863",485,79
CA,6,18730,Jamul-Dulzura Union Elementary School District,"9,388",893,157
CA,6,18780,Janesville Union Elementary School District,"3,184",372,61
CA,6,18810,Jefferson Elementary School District,206,25,5
CA,6,18840,Jefferson Elementary School District,"15,793","2,804",232
CA,6,18870,Jefferson Elementary School District,"93,171","8,342",750
CA,6,18930,Jefferson Union High School District,"153,271","6,906",423
CA,6,18990,John Swett Unified School District,"15,188","2,323",430
CA,6,19050,Johnstonville Elementary School District,"1,083",149,21
CA,6,19140,Julian Union Elementary School District,"4,353",368,22
CA,6,19110,Julian Union High School District,"4,837",210,38
CA,6,19170,Junction City Elementary School District,692,48,7
CA,6,19200,Junction Elementary School District,"3,750",378,63
CA,6,19230,Junction Elementary School District,147,13,2
CA,6,19260,Jurupa Unified School District,"106,754","21,683","3,625"
CA,6,32340,Kashia Elementary School District,81,9,3
CA,6,19320,Kelseyville Unified School District,"12,288","1,925",541
CA,6,19380,Kentfield Elementary School District,"11,769","1,372",60
CA,6,19410,Kenwood Elementary School District,"4,286",96,4
CA,6,19440,Keppel Union Elementary School District,"21,637","2,667",565
CA,6,19490,Kerman Unified School District,"20,992","4,726","1,277"
CA,6,19540,Kern High School District,"634,352","44,382","9,501"
CA,6,19590,Kernville Union Elementary School District,"12,311",923,290
CA,6,19620,Keyes Union Elementary School District,"6,210",967,257
CA,6,19680,King City Union Elementary School District,"16,778","2,700",660
CA,6,19700,Kings Canyon Joint Unified School District,"48,867","10,849","3,047"
CA,6,19740,Kings River Union Elementary School District,"3,396",536,212
CA,6,19770,Kings River-Hardwick Union Elementary School District,"2,610",414,63
CA,6,19800,Kingsburg Elementary Charter School District,"15,505","2,173",444
CA,6,19830,Kingsburg Joint Union High School District,"18,505","1,203",289
CA,6,19860,Kirkwood Elementary School District,299,34,9
CA,6,19890,Kit Carson Union Elementary School District,"2,408",328,71
CA,6,19920,Klamath River Union Elementary School District,473,31,12
CA,6,19950,Klamath-Trinity Joint Unified School District,"6,382","1,181",494
CA,6,19980,Kneeland Elementary School District,335,44,4
CA,6,20010,Knights Ferry Elementary School District,648,74,12
CA,6,20040,Knightsen Elementary School District,"2,696",348,45
CA,6,20070,Konocti Unified School District,"22,493","3,259","1,198"
CA,6,20130,La Ca√±ada Unified School District,"18,329","3,704",155
CA,6,20190,La Habra City Elementary School District,"54,504","6,311","1,166"
CA,6,20220,La Honda-Pescadero Unified School District,"3,719",482,102
CA,6,20250,La Mesa-Spring Valley School District,"141,198","14,388","2,127"
CA,6,20310,Lafayette Elementary School District,"29,056","3,524",92
CA,6,20370,Laguna Beach Unified School District,"29,473","3,572",288
CA,6,20430,Laguna Joint Elementary School District,364,34,7
CA,6,20490,Lagunita Elementary School District,306,22,2
CA,6,20520,Lagunitas Elementary School District,"3,764",394,13
CA,6,20610,Lake Elementary School District,419,58,6
CA,6,27,Lake Elsinore Unified School District,"130,089","25,563","3,523"
CA,6,20640,Lake Tahoe Unified School District,"31,147","3,920",419
CA,6,20670,Lakeport Unified School District,"10,664","1,559",367
CA,6,20700,Lakeside Joint Elementary School District,"2,733",227,7
CA,6,20760,Lakeside Union Elementary School District,"2,542",402,150
CA,6,20790,Lakeside Union Elementary School District,"43,949","4,698",606
CA,6,20730,Lakeside Union School District,"9,396","1,474",229
CA,6,1410,Lammersville Joint Unified School District,"12,387","2,556",233
CA,6,20850,Lamont Elementary School District,"17,260","2,779","1,119"
CA,6,20880,Lancaster Elementary School District,"116,636","15,353","3,970"
CA,6,20910,Larkspur Elementary School District,"14,178","1,808",94
CA,6,22380,Las Lomitas Elementary School District,"12,190","1,539",58
CA,6,21000,Las Virgenes Unified School District,"66,237","11,732",632
CA,6,21060,Lassen Union High School District,"25,153","1,055",130
CA,6,21090,Lassen View Union Elementary School District,"2,845",319,55
CA,6,21150,Laton Joint Unified School District,"3,958",840,237
CA,6,21180,Latrobe Elementary School District,"2,767",233,7
CA,6,21210,Lawndale Elementary School District,"49,830","5,853","1,322"
CA,6,42580,Laytonville Unified School District,"2,929",421,133
CA,6,21240,Le Grand Union Elementary School District,"2,406",360,143
CA,6,21270,Le Grand Union High School District,"8,760",673,256
CA,6,9665,Leggett Valley Unified School District,601,88,10
CA,6,21330,Lemon Grove Elementary School District,"37,184","4,137",723
CA,6,21360,Lemoore Union Elementary School District,"25,893","3,850",771
CA,6,21400,Lemoore Union High School District,"38,047","2,370",415
CA,6,21420,Lennox Elementary School District,"30,163","4,196","1,288"
CA,6,21480,Lewiston Elementary School District,"1,552",101,25
CA,6,21540,Liberty Elementary School District,"1,978",162,7
CA,6,21570,Liberty Elementary School District,"2,124",181,66
CA,6,21600,Liberty Union High School District,"115,068","7,814",533
CA,6,21660,Lincoln Elementary School District,218,26,2
CA,6,21690,Lincoln Unified School District,"50,741","9,268","1,888"
CA,6,21810,Linden Unified School District,"12,965","2,426",429
CA,6,21870,Lindsay Unified School District,"17,091","4,360","1,607"
CA,6,21900,Linns Valley-Poso Flat Union School District,649,51,26
CA,6,21930,Little Lake City Elementary School District,"34,942","3,959",485
CA,6,21960,Little Shasta Elementary School District,324,32,6
CA,6,21990,Live Oak Elementary School District,"23,633","2,001",327
CA,6,22050,Live Oak Unified School District,"10,721","2,178",410
CA,6,22110,Livermore Valley Joint Unified School District,"93,255","16,283",758
CA,6,22170,Livingston Union School District,"16,557","2,508",751
CA,6,22230,Lodi Unified School District,"179,882","35,242","6,341"
CA,6,22320,Loleta Union Elementary School District,"1,538",163,48
CA,6,22350,Loma Prieta Joint Union Elementary School District,"3,954",390,20
CA,6,22410,Lompoc Unified School District,"60,586","10,946","2,357"
CA,6,22440,Lone Pine Unified School District,"2,478",389,90
CA,6,22500,Long Beach Unified School District,"528,865","83,131","16,831"
CA,6,22560,Loomis Union Elementary School District,"23,325","2,486",125
CA,6,22590,Los Alamitos Unified School District,"50,834","6,721",469
CA,6,22650,Los Altos Elementary School District,"44,223","5,762",174
CA,6,22710,Los Angeles Unified School District,"4,701,006","707,609","167,859"
CA,6,22740,Los Banos Unified School District,"42,064","9,743","2,827"
CA,6,22830,Los Gatos Union Elementary School District,"29,586","3,603",103
CA,6,22800,Los Gatos-Saratoga Joint Union School District,"57,689","3,743",72
CA,6,22860,Los Molinos Unified School District,"3,550",587,105
CA,6,22890,Los Nietos Elementary School District,"15,522","1,895",356
CA,6,22920,Los Olivos Elementary School District,"2,017",201,13
CA,6,22950,Lost Hills Union Elementary School District,"2,922",526,133
CA,6,23010,Lowell Joint Elementary School District,"34,250","3,426",345
CA,6,23040,Lucerne Elementary School District,"3,395",268,76
CA,6,15,Lucerne Valley Unified School District,"7,069","1,123",387
CA,6,23080,Lucia Mar Unified School District,"78,750","11,916","1,265"
CA,6,23130,Luther Burbank Elementary School District,"4,161",440,69
CA,6,23160,Lynwood Unified School District,"70,797","15,285","3,950"
CA,6,23340,Madera Unified School District,"91,364","21,287","6,264"
CA,6,23430,Magnolia Elementary School District,"66,051","6,204","1,595"
CA,6,23460,Magnolia Union Elementary School District,190,22,4
CA,6,23530,Mammoth Unified School District,"9,575","1,305",114
CA,6,23550,Manchester Union Elementary School District,639,62,10
CA,6,25,Manhattan Beach Unified School District,"36,366","6,124",267
CA,6,23610,Manteca Unified School District,"127,006","26,777","3,985"
CA,6,23700,Manzanita Elementary School District,"1,148",146,31
CA,6,23730,Maple Creek Elementary School District,49,6,2
CA,6,23760,Maple Elementary School District,569,104,17
CA,6,23800,Marcum-Illinois Union Elementary School District,868,80,7
CA,6,23820,Maricopa Unified School District,"1,918",348,105
CA,6,23940,Mariposa County Unified School District,"17,347","2,056",424
CA,6,23970,Mark Twain Union Elementary School District,"9,331",783,106
CA,6,24000,Mark West Union Elementary School District,"14,892","1,178",89
CA,6,24030,Martinez Unified School District,"31,817","4,475",382
CA,6,24090,Marysville Joint Unified School District,"62,556","12,038","2,838"
CA,6,38,Mattole Unified School District,636,58,8
CA,6,24150,Maxwell Unified School District,"1,880",366,38
CA,6,24180,McCabe Union Elementary School District,"7,075","1,047",129
CA,6,24210,McCloud Union Elementary School District,"1,321",110,32
CA,6,24230,McFarland Unified School District,"14,428","3,451","1,261"
CA,6,24300,McKinleyville Union Elementary School District,"15,531","1,629",274
CA,6,24330,McKittrick Elementary School District,177,8,0
CA,6,24360,McSwain Union Elementary School District,"5,778",817,143
CA,6,24390,Meadows Union Elementary School District,"2,277",314,98
CA,6,24480,Mendocino Unified School District,"5,667",482,48
CA,6,22,Mendota Unified School District,"13,075","2,912","1,129"
CA,6,24540,Menifee Union School District,"86,768","10,456","1,021"
CA,6,24570,Menlo Park City Elementary School District,"27,915","3,325",80
CA,6,24600,Merced City Elementary School District,"88,990","12,245","4,440"
CA,6,24630,Merced River Union Elementary School District,858,140,35
CA,6,24660,Merced Union High School District,"177,642","12,356","3,640"
CA,6,24690,Meridian Elementary School District,666,66,9
CA,6,24720,Mesa Union Elementary School District,"3,848",357,31
CA,6,24750,Middletown Unified School District,"9,981","1,726",316
CA,6,24780,Midway Elementary School District,490,53,18
CA,6,24870,Mill Valley Elementary School District,"32,070","4,033",189
CA,6,24900,Millbrae Elementary School District,"26,211","2,438",159
CA,6,24930,Millville Elementary School District,"1,599",166,42
CA,6,24500,Milpitas Unified School District,"71,877","10,897",776
CA,6,25110,Mission Union Elementary School District,324,38,12
CA,6,25130,Modesto City Elementary School District,"121,605","16,184","4,092"
CA,6,25150,Modesto City High School District,"284,283","17,763","2,762"
CA,6,25190,Modoc Joint Unified School District,"5,983",856,245
CA,6,25230,Mojave Unified School District,"20,083","3,545","1,267"
CA,6,25290,Monroe Elementary School District,"1,255",175,53
CA,6,25320,Monrovia Unified School District,"44,795","6,687",906
CA,6,25350,Monson-Sultana Joint Union Elementary School District,"2,547",419,171
CA,6,25380,Montague Elementary School District,"1,955",243,65
CA,6,25410,Monte Rio Union Elementary School District,"2,298",106,9
CA,6,25470,Montebello Unified School District,"169,536","31,089","7,175"
CA,6,25500,Montecito Union Elementary School District,"6,529",496,75
CA,6,25530,Monterey Peninsula Unified School District,"92,486","13,894","1,779"
CA,6,25650,Montgomery Elementary School District,886,56,4
CA,6,25690,Moorpark Unified School District,"37,405","7,023",524
CA,6,25740,Moraga Elementary School District,"17,700","1,863",47
CA,6,25770,Moreland School District,"51,810","5,602",416
CA,6,25800,Moreno Valley Unified School District,"185,444","39,669","7,220"
CA,6,25830,Morgan Hill Unified School District,"65,169","12,378",752
CA,6,25860,Morongo Unified School District,"72,933","10,024","2,319"
CA,6,25980,Mother Lode Union Elementary School District,"16,073","1,409",207
CA,6,26340,Mount Baldy Joint Elementary School District,399,37,0
CA,6,26370,Mount Diablo Unified School District,"273,977","41,443","4,321"
CA,6,26400,Mount Pleasant Elementary School District,"23,873","2,913",382
CA,6,26040,Mount Shasta Union Elementary School District,"7,068",621,171
CA,6,26070,Mountain Elementary School District,"1,353",75,7
CA,6,26100,Mountain Empire Unified School District,"12,216","2,001",300
CA,6,26130,Mountain House Elementary School District,380,56,16
CA,6,27040,Mountain Union Elementary School District,"1,302",95,40
CA,6,18,Mountain Valley Unified School District,"2,870",345,83
CA,6,26190,Mountain View Elementary School District,"59,024","7,936","2,379"
CA,6,26220,Mountain View Elementary School District,"20,915","2,628",386
CA,6,26280,Mountain View Whisman Elementary School District,"71,425","5,848",523
CA,6,26310,Mountain View-Los Altos Union School District,"115,648","4,749",245
CA,6,26430,Mulberry Elementary School District,153,17,5
CA,6,26460,Mupu Elementary School District,"1,005",78,16
CA,6,26490,Muroc Joint Unified School District,"5,970","1,198",347
CA,6,29,Murrieta Valley Unified School District,"115,847","24,106","1,850"
CA,6,26640,Napa Valley Unified School District,"119,320","19,479","1,468"
CA,6,26670,National Elementary School District,"62,131","5,375","1,269"
CA,6,36,Natomas Unified School District,"77,248","12,820","1,482"
CA,6,26760,Needles Unified School District,"7,513","1,105",318
CA,6,26820,Nevada City Elementary School District,"15,578","1,122",134
CA,6,26880,Nevada Joint Union High School District,"83,537","3,857",437
CA,6,26910,New Haven Unified School District,"81,692","13,210","1,018"
CA,6,26970,New Hope Elementary School District,"1,703",269,55
CA,6,27030,New Jerusalem Elementary School District,"2,004",197,41
CA,6,27060,Newark Unified School District,"46,884","7,789",542
CA,6,27120,Newcastle Elementary School District,"2,857",287,22
CA,6,27180,Newhall Elementary School District,"76,378","7,070",858
CA,6,27200,Newman-Crows Landing Unified School District,"14,037","3,101",474
CA,6,27240,Newport-Mesa Unified School District,"206,139","26,537","3,452"
CA,6,27300,Nicasio Elementary School District,728,82,5
CA,6,27450,Norris Elementary School District,"25,448","4,101",380
CA,6,27480,North County Joint Union Elementary School District,"3,717",418,42
CA,6,27510,North Cow Creek Elementary School District,"1,607",141,17
CA,6,27590,North Monterey County Unified School District,"27,725","5,460",738
CA,6,3030,Northern Humboldt Union High School District,"45,079","1,772",302
CA,6,27690,Norwalk-La Mirada Unified School District,"129,475","21,888","3,031"
CA,6,27720,Novato Unified School District,"60,565","10,256",726
CA,6,27750,Nuestro Elementary School District,316,43,14
CA,6,27780,Nuview Union Elementary School District,"10,909","1,454",279
CA,6,27810,Oak Grove Elementary School District,"113,621","13,704","1,272"
CA,6,27840,Oak Grove Union Elementary School District,"5,200",471,29
CA,6,27850,Oak Park Unified School District,"14,389","2,841",124
CA,6,27870,Oak Run Elementary School District,609,52,14
CA,6,27900,Oak Valley Union Elementary School District,"1,459",225,61
CA,6,27930,Oak View Union Elementary School District,"3,079",410,66
CA,6,62,Oakdale Joint Unified School District,"32,909","5,840",665
CA,6,28050,Oakland Unified School District,"430,440","58,016","10,713"
CA,6,28080,Oakley Union Elementary School District,"36,328","4,983",475
CA,6,28140,Ocean View Elementary School District,"97,500","9,670","1,478"
CA,6,28170,Ocean View Elementary School District,"18,164","2,514",423
CA,6,28250,Oceanside Unified School District,"145,268","22,307","2,841"
CA,6,28270,Ojai Unified School District,"22,491","3,256",344
CA,6,28320,Old Adobe Union Elementary School District,"26,769","2,213",175
CA,6,28470,Ontario-Montclair School District,"178,174","23,831","5,566"
CA,6,28530,Orange Center Elementary School District,"1,865",313,120
CA,6,28650,Orange Unified School District,"231,727","36,075","4,818"
CA,6,28680,Orchard Elementary School District,"19,621","1,382",118
CA,6,28710,Orcutt Union Elementary School District,"38,339","4,454",569
CA,6,28830,Orick Elementary School District,386,25,8
CA,6,28860,Orinda Union Elementary School District,"19,451","2,555",60
CA,6,45,Orland Joint Unified School District,"13,940","2,638",592
CA,6,28950,Oro Grande Elementary School District,"1,170",135,43
CA,6,29100,Oroville City Elementary School District,"28,363","2,908",929
CA,6,29130,Oroville Union High School District,"55,273","3,131",706
CA,6,29160,Outside Creek Elementary School District,758,105,32
CA,6,29190,Owens Valley Unified School District,658,65,6
CA,6,29220,Oxnard Elementary School District,"130,698","16,601","3,186"
CA,6,29270,Oxnard Union High School District,"328,907","18,765","2,680"
CA,6,29280,Pacheco Union Elementary School District,"8,776",851,142
CA,6,29340,Pacific Elementary School District,877,58,2
CA,6,29370,Pacific Grove Unified School District,"18,519","2,254",139
CA,6,29400,Pacific Union Elementary School District,"3,182",425,128
CA,6,29430,Pacific Union Elementary School District,"4,847",345,106
CA,6,20460,Pacifica School District,"39,411","3,916",171
CA,6,29490,Pajaro Valley Joint Unified School District,"115,323","21,367","3,542"
CA,6,29540,Palermo Union Elementary School District,"8,479","1,003",353
CA,6,29550,Palm Springs Unified School District,"182,200","26,383","6,662"
CA,6,29580,Palmdale Elementary School District,"134,476","19,736","4,860"
CA,6,29610,Palo Alto Unified School District,"87,658","12,902",542
CA,6,29640,Palo Verde Unified School District,"26,885","3,789",805
CA,6,29670,Palo Verde Union Elementary School District,"2,835",516,129
CA,6,29700,Palos Verdes Peninsula Unified School District,"62,934","10,570",476
CA,6,6390,Panama-Buena Vista School District,"126,837","18,259","3,559"
CA,6,29770,Panoche Elementary School District,135,10,1
CA,6,29790,Paradise Elementary School District,947,97,21
CA,6,29820,Paradise Unified School District,"41,030","5,153",955
CA,6,29850,Paramount Unified School District,"80,221","16,397","3,593"
CA,6,29910,Parlier Unified School District,"16,537","4,004","1,396"
CA,6,29940,Pasadena Unified School District,"209,496","26,154","3,834"
CA,6,48,Paso Robles Joint Unified School District,"48,531","7,456","1,295"
CA,6,30030,Patterson Joint Unified School District,"27,171","6,331","1,170"
CA,6,30090,Peninsula Union Elementary School District,480,43,5
CA,6,1427,Penn Valley Union Elementary School District,"13,030","1,029",208
CA,6,30180,Perris Elementary School District,"51,990","6,471","1,619"
CA,6,30210,Perris Union High School District,"176,496","12,944","1,859"
CA,6,30230,Petaluma City Elementary School District,"31,787","2,385",196
CA,6,30250,Petaluma Joint Union High School District,"76,379","5,538",356
CA,6,30330,Piedmont City Unified School District,"11,766","2,545",54
CA,6,30360,Pierce Joint Unified School District,"7,047","1,428",249
CA,6,30390,Pine Ridge Elementary School District,906,74,6
CA,6,30450,Piner-Olivet Union Elementary School District,"16,561","1,352",103
CA,6,30480,Pioneer Union Elementary School District,"5,628",458,59
CA,6,30510,Pioneer Union Elementary School District,"10,716","1,671",280
CA,6,30520,Pioneer Union Elementary School District,"1,581",88,19
CA,6,30600,Pittsburg Unified School District,"61,151","11,310","2,099"
CA,6,30630,Pixley Union Elementary School District,"5,461","1,037",408
CA,6,30660,Placentia-Yorba Linda Unified School District,"167,520","28,055","2,913"
CA,6,30720,Placer Hills Union Elementary School District,"15,148","1,350",79
CA,6,30750,Placer Union High School District,"95,262","5,217",352
CA,6,30780,Placerville Union Elementary School District,"15,965","1,418",206
CA,6,30810,Plainsburg Union Elementary School District,473,63,21
CA,6,30840,Planada Elementary School District,"5,881",924,361
CA,6,30870,Plaza Elementary School District,346,50,9
CA,6,30900,Pleasant Grove Joint Union Elementary School District,908,103,18
CA,6,30930,Pleasant Ridge Union Elementary School District,"20,804","1,795",192
CA,6,30990,Pleasant Valley Elementary School District,"77,159","8,062",821
CA,6,31020,Pleasant Valley Joint Union Elementary School District,923,93,14
CA,6,31050,Pleasant View Elementary School District,"2,636",488,217
CA,6,20,Pleasanton Unified School District,"77,798","15,351",560
CA,6,31180,Plumas Lake Elementary School District,"6,507","1,141",87
CA,6,31170,Plumas Unified School District,"18,142","2,268",446
CA,6,31230,Point Arena Joint Union High School District,"5,692",212,43
CA,6,31290,Pollock Pines Elementary School District,"9,166",832,95
CA,6,31320,Pomona Unified School District,"172,471","31,439","7,149"
CA,6,31350,Pond Union Elementary School District,737,136,55
CA,6,31380,Pope Valley Union Elementary School District,793,128,5
CA,6,64,Porterville Unified School District,"102,053","15,555","5,688"
CA,6,31470,Portola Valley Elementary School District,"6,958",827,12
CA,6,31400,Potter Valley Community Unified School District,"2,078",283,71
CA,6,31530,Poway Unified School District,"202,986","36,069","1,949"
CA,6,31620,Princeton Joint Unified School District,"1,107",223,26
CA,6,31680,Raisin City Elementary School District,"2,150",356,122
CA,6,31710,Ramona City Unified School District,"38,057","6,653",587
CA,6,31740,Rancho Santa Fe Elementary School District,"6,381",545,97
CA,6,31830,Ravendale-Termo Elementary School District,148,15,3
CA,6,31860,Ravenswood City Elementary School District,"37,562","5,343",815
CA,6,31920,Raymond-Knowles Union Elementary School District,"1,305",129,21
CA,6,32010,Red Bluff Joint Union High School District,"43,298","2,440",456
CA,6,31980,Red Bluff Union Elementary School District,"20,495","2,354",665
CA,6,32040,Redding Elementary School District,"35,510","3,548",696
CA,6,32070,Redlands Unified School District,"131,890","21,452","2,979"
CA,6,32,Redondo Beach Unified School District,"69,280","7,979",446
CA,6,32130,Redwood City Elementary School District,"101,224","11,276","1,221"
CA,6,32160,Reed Union Elementary School District,"14,105","1,839",77
CA,6,32250,Reeds Creek Elementary School District,"1,291",92,28
CA,6,32270,Reef-Sunset Unified School District,"16,898","2,641",881
CA,6,32310,Rescue Union Elementary School District,"35,588","4,699",324
CA,6,32370,Rialto Unified School District,"126,752","27,653","6,119"
CA,6,32400,Richfield Elementary School District,"1,202",155,31
CA,6,32430,Richgrove Elementary School District,"3,413",676,334
CA,6,21450,Richland Union School District,"20,301","3,518","1,114"
CA,6,32520,Richmond Elementary School District,"1,031",102,6
CA,6,32610,Rim of the World Unified School District,"30,615","4,867",949
CA,6,32640,Rincon Valley Union Elementary School District,"42,067","3,020",284
CA,6,32710,Rio Bravo-Greeley Union Elementary School District,"5,123",787,147
CA,6,32730,Rio Dell Elementary School District,"3,508",399,85
CA,6,32760,Rio Elementary School District,"37,500","4,764",754
CA,6,32880,Ripon Unified School District,"18,847","3,923",599
CA,6,33110,River Delta Joint Unified School District,"16,424","2,161",334
CA,6,61,Riverbank Unified School District,"15,753","3,200",585
CA,6,40,Riverdale Joint Unified School District,"8,418","1,672",461
CA,6,33150,Riverside Unified School District,"271,629","46,099","6,290"
CA,6,33210,Roberts Ferry Union Elementary School District,615,60,8
CA,6,33240,Robla Elementary School District,"20,995","2,182",488
CA,6,33270,Rockford Elementary School District,"1,356",232,73
CA,6,13,Rocklin Unified School District,"62,422","12,182",619
CA,6,33390,Romoland Elementary School District,"26,829","3,605",534
CA,6,33480,Rosedale Union Elementary School District,"46,549","6,738",608
CA,6,33510,Roseland School District,"12,585","1,347",231
CA,6,33570,Rosemead Elementary School District,"28,126","2,686",652
CA,6,33600,Roseville City Elementary School District,"91,553","11,184",817
CA,6,33630,Roseville Joint Union High School District,"179,300","10,878",629
CA,6,33660,Ross Elementary School District,"2,816",477,25
CA,6,6,Ross Valley Elementary School District,"24,272","2,890",116
CA,6,33690,Round Valley Joint Elementary School District,"1,051",69,8
CA,6,33720,Round Valley Unified School District,"2,611",462,145
CA,6,33750,Rowland Unified School District,"112,779","17,385","3,233"
CA,6,33840,Sacramento City Unified School District,"350,139","53,187","10,275"
CA,6,33860,Saddleback Valley Unified School District,"221,407","34,640","2,804"
CA,6,33900,Salida Union Elementary School District,"21,000","3,124",372
CA,6,33930,Salinas City Elementary School District,"81,923","8,758","1,765"
CA,6,33980,Salinas Union High School District,"180,541","17,917","2,682"
CA,6,34050,San Antonio Union Elementary School District,"1,941",230,27
CA,6,34080,San Ardo Union Elementary School District,792,131,26
CA,6,34140,San Benito High School District,"53,901","3,514",371
CA,6,34170,San Bernardino City Unified School District,"266,861","55,210","18,427"
CA,6,34230,San Bruno Park Elementary School District,"39,068","3,813",257
CA,6,34290,San Carlos Elementary School District,"28,373","3,369",62
CA,6,34320,San Diego City Unified School District,"1,095,339","139,217","23,597"
CA,6,34380,San Dieguito Union High School District,"178,802","14,794",746
CA,6,34410,San Francisco Unified School District,"884,363","78,813","9,504"
CA,6,34425,San Gabriel Unified School District,"43,236","5,702",986
CA,6,34440,San Jacinto Unified School District,"50,917","10,894","2,370"
CA,6,34590,San Jose Unified School District,"273,335","40,833","3,449"
CA,6,34620,San Juan Unified School District,"346,462","50,474","7,662"
CA,6,34680,San Leandro Unified School District,"75,257","11,110","1,195"
CA,6,34710,San Lorenzo Unified School District,"85,151","14,128","1,704"
CA,6,34740,San Lorenzo Valley Unified School District,"25,123","3,225",182
CA,6,34770,San Lucas Union Elementary School District,414,64,10
CA,6,34800,San Luis Coastal Unified School District,"95,568","8,086",776
CA,6,34880,San Marcos Unified School District,"123,198","20,629","2,137"
CA,6,34860,San Marino Unified School District,"15,502","2,993",296
CA,6,34980,San Mateo Union High School District,"242,040","10,850",568
CA,6,34920,San Mateo-Foster City Elementary School District,"138,627","13,658",892
CA,6,35010,San Miguel Joint Union Elementary School District,"5,307",658,106
CA,6,35040,San Pasqual Union Elementary School District,"3,486",546,30
CA,6,35070,San Pasqual Valley Unified School District,"3,629",716,241
CA,6,35090,San Rafael City Elementary School District,"56,743","4,919",732
CA,6,35110,San Rafael City High School District,"78,740","3,068",318
CA,6,35130,San Ramon Valley Unified School District,"156,923","31,602",845
CA,6,35220,San Ysidro Elementary School District,"44,949","4,083","1,096"
CA,6,35250,Sanger Unified School District,"52,832","11,342","2,494"
CA,6,35310,Santa Ana Unified School District,"269,899","52,570","13,406"
CA,6,1414,Santa Barbara Unified School District,"194,640","17,032","1,989"
CA,6,35490,Santa Clara Elementary School District,174,16,1
CA,6,35430,Santa Clara Unified School District,"155,963","19,386","1,144"
CA,6,35590,Santa Cruz City Elementary School District,"65,467","2,742",242
CA,6,35600,Santa Cruz City High School District,"123,449","5,817",696
CA,6,35670,Santa Maria Joint Union High School District,"150,667","9,775","1,563"
CA,6,5580,Santa Maria-Bonita Elementary School District,"103,991","14,867","3,170"
CA,6,35700,Santa Monica-Malibu Unified School District,"112,724","10,683","1,065"
CA,6,1421,Santa Paula Unified School District,"33,169","5,786","1,018"
CA,6,35790,Santa Rita Union Elementary School District,"23,795","2,789",449
CA,6,35810,Santa Rosa Elementary School District,"75,037","5,977",821
CA,6,35830,Santa Rosa High School District,"218,624","15,445","1,482"
CA,6,35850,Santa Ynez Valley Union High School District,"22,222","1,453",58
CA,6,35880,Santee School District,"61,134","6,351",627
CA,6,35910,Saratoga Union Elementary School District,"21,416","2,645",73
CA,6,35940,Saucelito Elementary School District,187,29,11
CA,6,35970,Saugus Union Elementary School District,"105,583","10,425",640
CA,6,36000,Sausalito Elementary School District,"11,035",592,91
CA,6,36030,Savanna Elementary School District,"30,982","2,613",527
CA,6,36100,Scotia Union Elementary School District,"1,403",200,24
CA,6,159,Scott Valley Unified School District,"5,185",759,191
CA,6,43,Scotts Valley Unified School District,"18,579","3,152",155
CA,6,36180,Sebastopol Union Elementary School District,"12,192","1,069",90
CA,6,36210,Seeley Union Elementary School District,"3,133",418,129
CA,6,36240,Seiad Elementary School District,320,23,3
CA,6,36270,Selma Unified School District,"31,011","6,804","1,822"
CA,6,36330,Semitropic Elementary School District,371,71,18
CA,6,36360,Sequoia Union Elementary School District,"2,185",278,61
CA,6,36390,Sequoia Union High School District,"261,419","12,511",782
CA,6,36420,Shaffer Union Elementary School District,"9,317",258,39
CA,6,36450,Shandon Joint Unified School District,"1,944",397,62
CA,6,36570,Shasta Union Elementary School District,"2,308",216,33
CA,6,36600,Shasta Union High School District,"102,753","5,320",789
CA,6,36660,Shiloh Elementary School District,798,115,28
CA,6,36670,Shoreline Unified School District,"6,292",700,71
CA,6,36800,Sierra Sands Unified School District,"37,513","6,702","1,535"
CA,6,36805,Sierra Unified School District,"11,998","1,886",177
CA,6,36780,Sierra-Plumas Joint Unified School District,"3,599",424,79
CA,6,36810,Silver Fork Elementary School District,255,17,1
CA,6,36820,Silver Valley Unified School District,"14,380","2,413",380
CA,6,36840,Simi Valley Unified School District,"132,174","22,489","1,720"
CA,6,36940,Siskiyou Union High School District,"15,823",806,87
CA,6,36960,Snelling-Merced Falls Union Elementary School District,720,90,21
CA,6,36970,Snowline Joint Unified School District,"42,528","8,427","1,301"
CA,6,36990,Solana Beach Elementary School District,"40,364","3,402",173
CA,6,37050,Soledad Unified School District,"27,901","4,509",629
CA,6,37110,Solvang Elementary School District,"6,058",579,198
CA,6,37140,Somis Union Elementary School District,"3,279",314,38
CA,6,37200,Sonoma Valley Unified School District,"40,860","5,549",572
CA,6,37230,Sonora Elementary School District,"8,719",689,256
CA,6,37260,Sonora Union High School District,"39,113","1,675",193
CA,6,37290,Soquel Elementary School District,"27,555","2,322",206
CA,6,37320,Soulsbyville Elementary School District,"4,764",463,55
CA,6,37350,South Bay Union Elementary School District,"7,022",503,86
CA,6,37380,South Bay Union School District,"81,726","7,558","1,722"
CA,6,37470,South Fork Union School District,"3,765",291,53
CA,6,19650,South Monterey County Joint Union High School District,"38,961","2,740",468
CA,6,37500,South Pasadena Unified School District,"26,500","4,271",358
CA,6,37530,South San Francisco Unified School District,"83,655","11,963",807
CA,6,37560,South Whittier Elementary School District,"29,829","3,957",969
CA,6,37590,Southern Humboldt Joint Unified School District,"8,684","1,039",166
CA,6,37620,Southern Kern Unified School District,"20,772","4,263",979
CA,6,37630,Southern Trinity Joint Unified School District,"1,005",115,50
CA,6,37650,Southside Elementary School District,"1,915",185,10
CA,6,37680,Spencer Valley Elementary School District,484,31,5
CA,6,37710,Spreckels Union Elementary School District,"6,706",741,42
CA,6,37770,Springville Union Elementary School District,"3,992",313,128
CA,6,37830,St. Helena Unified School District,"10,164","1,420",211
CA,6,37890,Standard Elementary School District,"24,369","3,169",922
CA,6,37950,Stanislaus Union Elementary School District,"31,828","3,814",633
CA,6,38010,Stockton Unified School District,"216,086","43,130","12,926"
CA,6,38040,Stone Corral Elementary School District,751,111,51
CA,6,38070,Stony Creek Joint Unified School District,961,162,46
CA,6,38130,Strathmore Union Elementary School District,"5,866",930,403
CA,6,38220,Sulphur Springs Union Elementary School District,"63,113","5,873",747
CA,6,38250,Summerville Elementary School District,"4,391",454,107
CA,6,38280,Summerville Union High School District,"9,905",470,31
CA,6,38340,Sundale Union Elementary School District,"2,460",420,117
CA,6,38430,Sunnyside Union Elementary School District,"2,385",431,184
CA,6,38460,Sunnyvale Elementary School District,"92,494","8,268",508
CA,6,21,Sunol Glen Unified School District,"1,041",127,21
CA,6,38520,Surprise Valley Joint Unified School District,"1,164",130,29
CA,6,38550,Susanville Elementary School District,"10,390","1,131",296
CA,6,38610,Sutter Union High School District,"7,922",544,39
CA,6,38640,Sweetwater Union High School District,"490,742","44,527","7,057"
CA,6,38670,Sylvan Union Elementary School District,"76,545","9,695","1,267"
CA,6,38700,Taft City School District,"20,356","2,381",809
CA,6,38730,Taft Union High School District,"21,445","1,245",310
CA,6,38770,Tahoe-Truckee Unified School District,"33,420","4,425",249
CA,6,38790,Tamalpais Union High School District,"117,152","5,662",227
CA,6,38880,Tehachapi Unified School District,"37,452","5,702",972
CA,6,28,Temecula Valley Unified School District,"156,672","33,578","2,251"
CA,6,38980,Temple City Unified School District,"35,818","5,392",760
CA,6,39000,Templeton Unified School District,"10,952","1,972",132
CA,6,39060,Terra Bella Union Elementary School District,"6,087","1,004",305
CA,6,39180,Thermalito Union School District,"12,345","1,580",481
CA,6,39210,Three Rivers Union Elementary School District,"2,383",194,40
CA,6,39300,Tipton Elementary School District,"3,412",648,212
CA,6,39420,Torrance Unified School District,"149,919","22,179","1,875"
CA,6,47,Tracy Unified School District,"105,348","19,431","2,350"
CA,6,39600,Traver Joint Elementary School District,"1,271",203,67
CA,6,39630,Travis Unified School District,"32,265","4,772",335
CA,6,39690,Tres Pinos Union Elementary School District,834,92,5
CA,6,39720,Trinidad Union Elementary School District,"2,248",209,21
CA,6,1331,Trinity Alps Unified School District,"8,513",824,227
CA,6,39750,Trinity Center Elementary School District,421,15,7
CA,6,39840,Trona Joint Unified School District,"1,992",295,86
CA,6,39870,Tulare City Elementary School District,"63,283","10,252","2,852"
CA,6,39930,Tulare Joint Union High School District,"82,517","6,015","1,365"
CA,6,39940,Tulelake Basin Joint Unified School District,"2,387",492,133
CA,6,158,Turlock Unified School District,"86,203","14,910","2,347"
CA,6,40150,Tustin Unified School District,"139,143","24,026","3,237"
CA,6,40200,Twain Harte School District,"5,513",400,40
CA,6,40230,Twin Hills Union Elementary School District,"5,904",486,49
CA,6,12,Twin Ridges Elementary School District,"2,572",188,52
CA,6,1332,Twin Rivers Unified School District,"195,713","34,262","8,855"
CA,6,40260,Two Rock Union Elementary School District,"1,745",164,15
CA,6,40300,Ukiah Unified School District,"39,110","6,830","1,353"
CA,6,40320,Union Elementary School District,"48,135","5,969",212
CA,6,40380,Union Hill Elementary School District,"2,447",184,18
CA,6,16,Upland Unified School District,"77,946","12,808","1,868"
CA,6,1442,Upper Lake Unified School District,"8,821",912,289
CA,6,40590,Vacaville Unified School District,"83,495","13,597","1,287"
CA,6,91135,Val Verde Unified School District,"89,981","20,658","3,811"
CA,6,40650,Valle Lindo Elementary School District,"6,241",680,127
CA,6,40680,Vallecito Union Elementary School District,"10,315",712,152
CA,6,40710,Vallecitos Elementary School District,"2,328",184,44
CA,6,40740,Vallejo City Unified School District,"128,235","19,302","3,231"
CA,6,69,Valley Center-Pauma Unified School District,"26,605","4,407",533
CA,6,40800,Valley Home Joint Elementary School District,"1,776",201,15
CA,6,40980,Ventura Unified School District,"122,915","18,541","1,945"
CA,6,41040,Victor Elementary School District,"100,141","11,091","3,730"
CA,6,36972,Victor Valley Union High School District,"168,238","16,920","4,819"
CA,6,41130,Vineland Elementary School District,"4,470",767,308
CA,6,41160,Visalia Unified School District,"149,775","31,544","7,571"
CA,6,41190,Vista Unified School District,"157,940","26,119","3,663"
CA,6,41220,Vista del Mar Union Elementary School District,527,46,9
CA,6,41250,Walnut Creek Elementary School District,"51,759","3,579",176
CA,6,41280,Walnut Valley Unified School District,"58,654","9,329","1,050"
CA,6,42,Warner Unified School District,"2,481",259,82
CA,6,41400,Wasco Union Elementary School District,"27,978","3,806","1,340"
CA,6,41430,Wasco Union High School District,"31,840","2,027",542
CA,6,41460,Washington Colony Elementary School District,"3,030",384,116
CA,6,1415,Washington Unified School District,"19,275","2,851",942
CA,6,41580,Washington Unified School District,"53,152","9,111","1,677"
CA,6,41610,Washington Union Elementary School District,"7,305",589,42
CA,6,63,Waterford Unified School District,"10,244","2,278",494
CA,6,41790,Waugh Elementary School District,"6,583",684,61
CA,6,41820,Waukena Joint Union Elementary School District,"1,030",184,63
CA,6,41880,Weaver Union Elementary School District,"13,554","2,386",961
CA,6,41980,Weed Union Elementary School District,"3,950",402,110
CA,6,32550,West Contra Costa Unified School District,"257,928","40,319","5,721"
CA,6,42000,West Covina Unified School District,"60,241","10,170","1,368"
CA,6,42060,West Park Elementary School District,"1,933",295,85
CA,6,42270,West Side Union Elementary School District,"1,009",53,4
CA,6,2670,West Sonoma County Union High School District,"49,457","2,215",182
CA,6,42140,Western Placer Unified School District,"55,354","8,461",661
CA,6,42150,Westminster School District,"88,887","9,857","2,448"
CA,6,42180,Westmorland Union Elementary School District,"2,730",416,138
CA,6,42210,Westside Elementary School District,"1,409",265,69
CA,6,42120,Westside Union Elementary School District,"74,234","8,316",912
CA,6,42300,Westwood Unified School District,"1,627",253,49
CA,6,42330,Wheatland Elementary School District,"7,707","1,040",142
CA,6,42350,Wheatland Union High School District,"14,213",797,67
CA,6,42420,Whitmore Union Elementary School District,737,61,18
CA,6,42450,Whittier City Elementary School District,"69,883","7,631","1,143"
CA,6,42480,Whittier Union High School District,"225,755","13,401","1,590"
CA,6,42510,William S. Hart Union High School District,"276,559","24,518","1,851"
CA,6,42540,Williams Unified School District,"6,075","1,284",190
CA,6,42560,Willits Unified School District,"13,004","2,107",408
CA,6,42600,Willow Creek Elementary School District,635,36,8
CA,6,42630,Willow Grove Union Elementary School District,289,19,2
CA,6,42710,Willows Unified School District,"9,435","1,784",285
CA,6,42750,Wilmar Union Elementary School District,"3,402",240,34
CA,6,42810,Wilsona Elementary School District,"10,505","1,492",426
CA,6,34,Windsor Unified School District,"29,847","5,682",324
CA,6,42900,Winship Robbins Elementary School District,616,71,11
CA,6,42930,Winters Joint Unified School District,"9,636","1,751",162
CA,6,42960,Winton School District,"11,013","1,828",588
CA,6,1428,Wiseburn Unified School District,"12,929","1,864",182
CA,6,1418,Woodlake Unified School District,"13,252","2,561",885
CA,6,43080,Woodland Joint Unified School District,"66,978","12,184","1,719"
CA,6,43140,Woodside Elementary School District,"3,384",471,14
CA,6,43170,Woodville Elementary School District,"2,816",525,233
CA,6,43200,Wright Elementary School District,"17,715","1,562",214
CA,6,160,Yosemite Unified School District,"24,893","2,357",465
CA,6,43380,Yreka Union Elementary School District,"9,707","1,021",284
CA,6,43410,Yreka Union High School District,"17,369",825,141
CA,6,43470,Yuba City Unified School District,"75,063","14,343","2,626"
CA,6,43560,Yucaipa-Calimesa Joint Unified School District,"62,637","10,879","1,510"
